id;title;description;keywords;google_analytics_id;created_at;updated_at;yandex_verification;bing_verification;page_main_title;page_main_content;addthisid;twitter_username;feedburner_feed_url;disqus_shortname;prevent_adblock_blocking
1;"Lorem ipsum dolor sit amet.";"Quisque mattis scelerisque dignissim. Duis odio dolor, tincidunt et diam a, pretium tempor neque. Fusce arcu sem, posuere et enim.";"keyword1, keyword2, keyword3, keyword4";YourGoogleAnalyticsId;22/09/2015 19:35;19/03/2017 22:43;YourYandexVerificationCode;YourBingValidationCode;Lorem ipsum dolor sit amet.;"Lorem ipsum dolor sit amet, consectetur adipiscing elit. Aliquam egestas dictum odio, sit amet pharetra magna rhoncus fermentum. Sed molestie rhoncus commodo. In nisl diam, suscipit eu ipsum sit amet, consectetur euismod nulla. Aliquam in neque a ex mollis volutpat. Aenean finibus viverra dui. Sed egestas finibus velit, et consectetur ligula bibendum nec. Cras scelerisque turpis in est euismod, id viverra ante pellentesque. Curabitur rhoncus lorem id elit consequat sagittis.

Quisque malesuada nulla turpis, sed laoreet mi rutrum ut. Nulla nibh nisl, pellentesque vel consequat vel, aliquet et lorem. In volutpat turpis vel aliquam suscipit. Fusce ut ornare tellus, vel bibendum eros. Cras sem nibh, eleifend id lacus non, vehicula interdum ligula. Aenean tincidunt odio massa, dignissim porta neque vehicula a. Praesent interdum sed tellus a finibus. Maecenas at mi ipsum. Sed egestas quam et elit suscipit commodo. Maecenas sed scelerisque eros. Sed nec tincidunt velit, sit amet viverra ante. Morbi porttitor tempor ex sed consectetur.

Curabitur ac efficitur mauris. Donec ultrices lectus nibh. Aliquam eget lorem eleifend, luctus neque vitae, laoreet sapien. Pellentesque commodo volutpat arcu placerat auctor. Curabitur purus nunc, rutrum suscipit turpis non, volutpat semper diam. Vivamus lacus tortor, pellentesque in eros a, rutrum volutpat nisi. Donec vehicula mauris justo, fermentum sagittis ligula congue et. Morbi a tellus suscipit, elementum turpis dictum, rutrum ipsum. Donec sit amet lectus ante. Maecenas cursus purus eget metus convallis, sit amet pharetra libero molestie. Sed urna justo, pretium ac condimentum vel, maximus eget purus. Praesent dictum rutrum dignissim. Curabitur eget justo pellentesque, vehicula metus sit amet, ullamcorper massa. In at lacinia elit. Fusce nulla urna, bibendum sit amet quam ut, pulvinar maximus massa. Vestibulum euismod ultrices purus, ac blandit tellus scelerisque vel.

Nunc euismod augue vel metus sollicitudin malesuada. Vestibulum gravida dui sed pellentesque semper. Vestibulum imperdiet lectus dolor, non ullamcorper tortor elementum bibendum. Sed tincidunt elit sed magna aliquet, eu imperdiet purus fringilla. Vestibulum tincidunt id augue eu semper. Integer imperdiet imperdiet est nec sodales. Vestibulum vitae tellus dignissim, tempus lectus vitae, efficitur lacus. Vivamus vitae rhoncus velit.

Phasellus eget tortor vel lectus interdum malesuada. Fusce tellus sapien, faucibus molestie metus aliquet, tempor finibus leo. Fusce bibendum efficitur turpis, at varius odio auctor ac. Etiam nec rhoncus ex. Sed bibendum, nisl a pretium ultricies, ante quam mollis tortor, ut dignissim diam elit rutrum orci. Ut malesuada, tortor eget viverra facilisis, ante dui tempor libero, vel varius erat nunc in nulla. Sed bibendum velit ac dolor mattis vestibulum. Pellentesque et diam sit amet justo molestie dignissim. Nulla vitae tellus nisl.";YourAddThisId;YourTwitterUserName;YourSiteFeedburnerFeedUrl;YourDisqusShortname;1
